Becker, Paul,+49012345678
Braun, Felix,+49012345687
Fischer, Mia,+49012345674
Florian,Umlauft,123123123
Hoffmann, Ben,+49012345679
Klein, Henri,+49012345683
Koch, Luis,+49012345681
Krause, Clara,+49012345692
Krüger, Jonas,+49012345688
Lange, Liam,+49012345689
Lehmann, Marie,+49012345694
Meier, Lena,+49012345693
Meyer, Noah,+49012345675
Müller, Sofia,+49012345672
Richter, Finn,+49012345682
Schmidt, Lukas,+49012345671
Schmitz, Anna,+49012345691
Schneider, Emma,+49012345673
Schröder, Oskar,+49012345680
Schulte, Sophie,+49012345695
Schwarz, Theo,+49012345685
Wagner, Elias,+49012345677
Weber, Leon,+49012345676
Werner, Lukas,+49012345690
Wolf, Max,+49012345684
Zimmermann, Emil,+49012345686
