Schmidt, Lukas, +49012345671
Müller, Sofia, +49012345672
Schneider, Emma, +49012345673
Fischer, Mia, +49012345674
Meyer, Noah, +49012345675
Weber, Leon, +49012345676
Wagner, Elias, +49012345677
Becker, Paul, +49012345678
Hoffmann, Ben, +49012345679
Schröder, Oskar, +49012345680
Koch, Luis, +49012345681
Richter, Finn, +49012345682
Klein, Henri, +49012345683
Wolf, Max, +49012345684
Schwarz, Theo, +49012345685
Zimmermann, Emil, +49012345686
Braun, Felix, +49012345687
Krüger, Jonas, +49012345688
Lange, Liam, +49012345689
Werner, Lukas, +49012345690
Schmitz, Anna, +49012345691
Krause, Clara, +49012345692
Meier, Lena, +49012345693
Lehmann, Marie, +49012345694
Schulte, Sophie, +49012345695